{
    "stacked_pairs": 13.4150972366333,
    "multiloops": 12.209715843200684,
    "var_depth_paired": 11.788174629211426,
    "unpaired_bases": 8.409622192382812,
    "bigram_..": -8.029313087463379,
    "bigram_)(": -7.042736053466797,
    "internal_loops": 6.97372579574585,
    "mean_loop": 6.078432559967041,
    "length": -5.7124924659729,
    "var_depth": -5.612087726593018,
    "max_bp_dist": -5.570690631866455,
    "paired_bases": -5.396698951721191,
    "centrality": 4.9514899253845215,
    "var_depth_unpaired": 4.022767066955566,
    "mean_depth": -3.7260570526123047,
    "max_loop": 3.7130634784698486,
    "mean_hairpin_size": -3.6589195728302,
    "hairpin_loops": 3.277060031890869,
    "mean_depth_unpaired": 3.2168679237365723,
    "max_hairpin_size": 3.174562931060791,
    "bulges": 2.7999253273010254,
    "avg_bp_dist": 2.400012493133545,
    "num_stems": 2.3002333641052246,
    "bigram_((": -2.1362147331237793,
    "depth": -2.0998265743255615,
    "bigram_.(": -1.9705547094345093,
    "max_stem_length": 1.9625234603881836,
    "var_loop": -1.7926676273345947,
    "var_stem_length": -1.7868846654891968,
    "bigram_))": -1.7136585712432861,
    "mean_internal_loop_size": -1.7104110717773438,
    "bigram_.)": -1.6408443450927734,
    "bigram_).": -0.9464210271835327,
    "mean_depth_paired": -0.8511092066764832,
    "avg_stem_length": -0.7929641604423523,
    "max_internal_loop_size": 0.6889870166778564,
    "bigram_(.": 0.12759295105934143
}